OS,Port,Module_Type,Module
Any,"139,445",auxiliary,auxiliary/scanner/smb/pipe_auditor
Any,"139,445",auxiliary,auxiliary/scanner/smb/pipe_dcerpc_auditor
Any,"139,445",auxiliary,auxiliary/scanner/smb/psexec_loggedin_users
Any,"139,445",auxiliary,auxiliary/scanner/smb/smb_enum_gpp
Any,"139,445",auxiliary,auxiliary/scanner/smb/smb_enumshares
Any,"139,445",auxiliary,auxiliary/scanner/smb/smb_enumusers
Any,"139,445",auxiliary,auxiliary/scanner/smb/smb_enumusers_domain
Any,"139,445",auxiliary,auxiliary/scanner/smb/smb_login
Any,"139,445",auxiliary,auxiliary/scanner/smb/smb_lookupsid
Any,"139,445",auxiliary,auxiliary/scanner/smb/smb_uninit_cred
Any,"139,445",auxiliary,auxiliary/scanner/smb/smb_version
Any,"139,445",auxiliary,auxiliary/scanner/smb/smb2
Windows,"139,445",exploit,exploit/windows/smb/ms17_010_eternalblue
Windows,"139,445",exploit,exploit/windows/smb/ms17_010_psexec
Windows,"139,445",exploit,exploit/windows/smb/ms08_067_netapi
Linux,"139,445",exploit,exploit/linux/samba/trans2open
Linux,"139,445",exploit,exploit/linux/samba/chain_reply
Any,"139,445",exploit,exploit/multi/samba/usermap_script
Any,23,auxiliary,auxiliary/scanner/telnet/lantronix_telnet_password
Any,23,auxiliary,auxiliary/scanner/telnet/lantronix_telnet_version
Any,23,auxiliary,auxiliary/scanner/telnet/telnet_encrypt_overflow
Any,23,auxiliary,auxiliary/scanner/telnet/telnet_ruggedcom
Any,23,auxiliary,auxiliary/scanner/telnet/telnet_version
Any,23,auxiliary,auxiliary/scanner/telnet/telnet_login
Any,25,auxiliary,auxiliary/scanner/smtp/smtp_enum
Any,"80,443",exploit,exploit/multi/http/php_cgi_arg_injection
Windows,"80,443",exploit,exploit/windows/iis/iis_webdav_scstoragepathfromurl
Windows,"80,443",exploit,exploit/windows/http/rejetto_hfs_exec
Any,22,auxiliary,auxiliary/scanner/ssh/ssh_version
Any,22,auxiliary,auxiliary/scanner/ssh/ssh_enumusers
Any,22,auxiliary,auxiliary/scanner/ssh/ssh_identify_pubkeys
Any,22,auxiliary,auxiliary/scanner/ssh/ssh_login
Any,"10,000",auxiliary,auxiliary/admin/webmin/file_disclosure
Linux,6667,exploit,exploit/unix/irc/unreal_ircd_3281_backdoor
Linux,3632,exploit,exploit/unix/misc/distcc_exec
Linux,"21,2121",exploit,exploit/unix/ftp/vsftpd_234_backdoor
Linux,"21,2121",exploit,exploit/unix/ftp/proftpd_133c_backdoor
